{"cameraMode":{"drawMode":0,"name":"Shaded","section":"Shading Mode"},"sceneLighting":false,"audioPlay":false,"sceneViewState":{"m_AlwaysRefresh":false,"showFog":true,"showSkybox":false,"showFlares":true,"showImageEffects":true,"showParticleSystems":true,"showVisualEffectGraphs":true,"m_FxEnabled":true},"in2DMode":false,"pivot":{"x":-0.5919495820999146,"y":1.4455201625823975,"z":-0.6881726980209351},"rotation":{"x":0.3549209237098694,"y":0.35852235555648806,"z":-0.1496412456035614,"w":0.8503531813621521},"size":0.8958237767219544,"orthographic":false}