{"cameraMode":{"drawMode":0,"name":"Shaded","section":"Shading Mode"},"sceneLighting":false,"audioPlay":false,"sceneViewState":{"m_AlwaysRefresh":false,"showFog":true,"showSkybox":false,"showFlares":true,"showImageEffects":true,"showParticleSystems":true,"showVisualEffectGraphs":true,"m_FxEnabled":true},"in2DMode":false,"pivot":{"x":3.2679038047790529,"y":-0.053672660142183307,"z":-1.3637338876724244},"rotation":{"x":0.12067744135856629,"y":0.8191214799880981,"z":-0.186979278922081,"w":0.5288401246070862},"size":2.4654557704925539,"orthographic":false}