{"cameraMode":{"drawMode":0,"name":"Shaded","section":"Shading Mode"},"sceneLighting":false,"audioPlay":false,"sceneViewState":{"m_AlwaysRefresh":false,"showFog":true,"showSkybox":false,"showFlares":true,"showImageEffects":true,"showParticleSystems":true,"showVisualEffectGraphs":true,"m_FxEnabled":true},"in2DMode":false,"pivot":{"x":0.35219332575798037,"y":-0.061471592634916309,"z":0.13930508494377137},"rotation":{"x":0.3137921392917633,"y":0.3188990652561188,"z":-0.1126963421702385,"w":0.8872814774513245},"size":0.8958237767219544,"orthographic":false}