{"cameraMode":{"drawMode":0,"name":"Shaded","section":"Shading Mode"},"sceneLighting":false,"audioPlay":false,"sceneViewState":{"m_AlwaysRefresh":false,"showFog":true,"showSkybox":false,"showFlares":true,"showImageEffects":true,"showParticleSystems":true,"showVisualEffectGraphs":true,"m_FxEnabled":true},"in2DMode":false,"pivot":{"x":-0.0026689767837524416,"y":0.47218573093414309,"z":-0.18116283416748048},"rotation":{"x":0.4942513704299927,"y":0.43040531873703005,"z":-0.30850720405578616,"w":0.6895393133163452},"size":0.8958238363265991,"orthographic":false}