{"cameraMode":{"drawMode":0,"name":"Shaded","section":"Shading Mode"},"sceneLighting":false,"audioPlay":false,"sceneViewState":{"m_AlwaysRefresh":false,"showFog":true,"showSkybox":false,"showFlares":true,"showImageEffects":true,"showParticleSystems":true,"showVisualEffectGraphs":true,"m_FxEnabled":true},"in2DMode":false,"pivot":{"x":0.11476254463195801,"y":0.5663542747497559,"z":0.07633721828460694},"rotation":{"x":0.36997050046920779,"y":0.3360782265663147,"z":-0.14563240110874177,"w":0.8537986874580383},"size":0.89582359790802,"orthographic":false}