{"cameraMode":{"drawMode":0,"name":"Shaded","section":"Shading Mode"},"sceneLighting":false,"audioPlay":false,"sceneViewState":{"m_AlwaysRefresh":false,"showFog":true,"showSkybox":false,"showFlares":true,"showImageEffects":true,"showParticleSystems":true,"showVisualEffectGraphs":true,"m_FxEnabled":true},"in2DMode":false,"pivot":{"x":0.10168494284152985,"y":0.20209963619709016,"z":0.4784354567527771},"rotation":{"x":0.31624242663383486,"y":0.46776220202445986,"z":-0.1837282031774521,"w":0.8047152161598206},"size":1.040330410003662,"orthographic":false}