{"cameraMode":{"drawMode":0,"name":"Shaded","section":"Shading Mode"},"sceneLighting":false,"audioPlay":false,"sceneViewState":{"m_AlwaysRefresh":false,"showFog":true,"showSkybox":false,"showFlares":true,"showImageEffects":true,"showParticleSystems":true,"showVisualEffectGraphs":true,"m_FxEnabled":true},"in2DMode":false,"pivot":{"x":-0.06578576564788819,"y":0.4450373947620392,"z":-0.3448154926300049},"rotation":{"x":0.07945573329925537,"y":0.30168211460113528,"z":-0.025054343044757844,"w":0.9498478174209595},"size":0.7954688668251038,"orthographic":false}