{"cameraMode":{"drawMode":0,"name":"Shaded","section":"Shading Mode"},"sceneLighting":false,"audioPlay":false,"sceneViewState":{"m_AlwaysRefresh":false,"showFog":true,"showSkybox":false,"showFlares":true,"showImageEffects":true,"showParticleSystems":true,"showVisualEffectGraphs":true,"m_FxEnabled":true},"in2DMode":false,"pivot":{"x":0.10715087503194809,"y":0.4902094602584839,"z":-0.14897871017456056},"rotation":{"x":0.40087905526161196,"y":0.38948068022727969,"z":-0.19364680349826814,"w":0.8062846660614014},"size":0.89582359790802,"orthographic":false}