{"cameraMode":{"drawMode":0,"name":"Shaded","section":"Shading Mode"},"sceneLighting":false,"audioPlay":false,"sceneViewState":{"m_AlwaysRefresh":false,"showFog":true,"showSkybox":false,"showFlares":true,"showImageEffects":true,"showParticleSystems":true,"showVisualEffectGraphs":true,"m_FxEnabled":true},"in2DMode":false,"pivot":{"x":1.5123587846755982,"y":1.0018525123596192,"z":-0.6384166479110718},"rotation":{"x":0.3166064918041229,"y":0.47110316157341006,"z":-0.18588458001613618,"w":0.8021430373191834},"size":2.0898475646972658,"orthographic":false}